ClaimType,InjuryType,LineCode,LineType,StateofJurisdiction,TotalDaysClaimOpen,ClaimStatus,ClaimSubstatus,BodyPartDescription,DateReported,DateLoss,SurgeryFlag,RTWFullDuty,PreInjuryAWW,NetTotalIncurred,DateofTermination,ClaimIncurredIndLoss,ClaimIncurredMedical,NumberofReserveChanges,ResultNatureDescription,CauseDescription,NetTotalPaid
IN,05 - Temporary Total/Part,XW,WC,OK,1890,O,Accepted,Multiple Body Parts,9/1/2008,9/1/2008,N,,1088.98,993673.97,,439331,516117,23,Strain,Lifting,369068.54
IN,05 - Temporary Total/Part,WC,WC,CT,1312,O,Accepted,Multiple Body Parts,4/27/2010,3/4/2010,N,,1,635426.05,,363006.63,246198.12,18,Strain,Pushing or Pulling,284268.31
IN,04 - Unscheduled Permanen,WC,WC,NV,367,O,Accepted,Multiple Body Parts,11/19/2012,11/12/2012,Y,,1,749901.08,,337915.2,324804.38,9,Multiple Physical Injury Only,Pushing or Pulling,129824.5
IN,03 - Major Permanent Part,WC,WC,CA,2977,O,Accepted,Knee,9/22/2005,9/22/2005,N,,1389.85,455298.54,39418,275832.55,121024.45,25,"All Other (Specific) Injuries, NOC","Fall, Slip or Trip, NOC",283770.44
IN,05 - Temporary Total/Part,WC,WC,NC,1422,O,Accepted,Knee,1/7/2010,1/5/2010,N,,1,523300.72,,241525.72,259750,9,Meniscus Tear,Fall On the Same Level,177822.24
IN,04 - Unscheduled Permanen,WC,WC,IL,733,O,Accepted,Back (All Other),11/28/2011,11/10/2011,Y,,1087.93,572946.37,,224829.12,313544.6,13,Strain,Bending,340835.41
IN,05 - Temporary Total/Part,WC,WC,NH,1160,O,Accepted,Back (All Other),9/24/2010,9/23/2010,N,,849.8,277996.78,41087,166300.28,93840.95,15,Strain,Lifting,219112.81
IN,05 - Temporary Total/Part,WC,WC,NC,445,O,Accepted,Shoulder(s),9/10/2012,9/9/2012,N,,399.98,231623.8,,154333.7,61750,3,Dislocation,Fall On the Same Level,50279.19
IN,05 - Temporary Total/Part,WC,WC,ME,387,O,Accepted,Low Back Area (Incl. Lumbar & Lumbo-Sacral),11/7/2012,11/1/2012,N,,1,211544.71,41456,147317.71,52500,5,Strain,Lifting,45058.75
IN,05 - Temporary Total/Part,WC,WC,MD,463,O,Accepted,Lumbar and/or Sacral Vertebrae,8/21/2012,8/20/2012,N,,1505,143176.47,41389,115579.01,13780.39,13,Strain,Bending,72681
IN,05 - Temporary Total/Part,WC,WC,VT,1248,O,Accepted,Multiple Body Parts,9/16/2009,7/28/2009,N,6/3/2013,731.81,192725.89,,109368.83,68500,23,Strain,"Struck/Injured By Fellow Worker, Patient",111677.79
IN,03 - Major Permanent Part,WC,WC,CA,278,O,Accepted,Low Back Area (Incl. Lumbar & Lumbo-Sacral),2/22/2013,2/20/2013,N,10/15/2013,500,245682.59,,101699.44,128200,5,Fracture,"Fall, Slip or Trip, NOC",53792.03
IN,05 - Temporary Total/Part,WC,WC,VT,1012,O,Accepted,Back (All Other),2/18/2011,2/17/2011,N,,414.32,140854.35,,101141.63,26317.92,10,Strain,Lifting,79611.64
IN,05 - Temporary Total/Part,WC,WC,MA,325,O,Accepted,Back (All Other),1/8/2013,1/3/2013,N,,1570.05,160418.52,,100348.07,49125,8,Sprain,Fall/Slip on Stairs,83922.26
IN,05 - Temporary Total/Part,WC,WC,FL,430,O,Accepted,Lumbar and/or Sacral Vertebrae,9/25/2012,9/23/2012,N,,1025.25,248797.2,,89029.87,129598.75,7,Strain,Pushing or Pulling,125618.51
IN,05 - Temporary Total/Part,WC,WC,PA,753,O,Accepted,Cervical,9/8/2010,8/5/2010,N,,303.85,135226.32,,80902.57,43543.49,14,Sprain,Lifting,69365.4
IN,05 - Temporary Total/Part,WC,WC,VT,901,O,Accepted,Cervical,6/8/2011,6/3/2011,N,,637.48,143810.85,,79881.25,44594.91,10,Strain,Lifting,94026.54
IN,05 - Temporary Total/Part,WC,WC,VT,1236,O,Accepted,Foot,6/28/2010,6/23/2010,N,,477.74,146867.41,,79776.96,53967.8,11,Strain,Fall On the Same Level,101337.91
IN,04 - Impairment Income Be,WC,WC,TX,1635,O,Accepted,Multiple Body Parts,6/8/2009,6/8/2009,N,11/24/2011,1931.26,100823.38,,78332.15,24279.8,14,Herniated Disc,Fall/Slip From Liquid or Grease Spills,99432.63
IN,05 - Temporary Total/Part,WC,WC,CO,2516,O,Accepted,Multiple Body Parts,1/3/2007,1/2/2007,N,1/3/2007,1,224226.36,,76734.29,98208.25,24,Strain,Fall/Slip on Ice or Snow,164697.63
IN,05 - Temporary Total/Part,WC,WC,VA,589,O,Accepted,Ankle,4/19/2012,4/18/2012,N,,1,99987.72,41214,76655.17,13042.55,10,Strain,Fall/Slip From Liquid or Grease Spills,77829.83
IN,05 - Temporary Total/Part,WC,WC,NY,780,O,Accepted,Back (All Other),10/7/2011,9/26/2011,N,,1497.05,93655.76,,76285.76,11160,7,Sprain,Lifting,73279.64
IN,04 - Impairment Income Be,WC,WC,TX,2395,O,Accepted,Shoulder(s),5/10/2007,5/3/2007,N,3/26/2011,666.51,225752.8,,74249.68,121505.47,22,Sprain,Lifting,164351.94
IN,05 - Temporary Total/Part,WC,WC,MA,659,O,Accepted,"Arm, Multiple",2/2/2012,2/2/2012,N,,723.47,132070.36,,72470.36,46000,10,Sprain,Fall/Slip From Liquid or Grease Spills,72230.4
IN,03 - Major Permanent Part,WC,WC,CA,1699,O,Accepted,Shoulder(s),4/3/2009,3/31/2009,N,,200,81547.7,40087,70302.88,7839.68,10,Sprain,Pushing or Pulling,70532.81
IN,04 - Impairment Income Be,WC,WC,TX,751,O,Accepted,Shoulder(s),2/16/2011,2/16/2011,N,2/17/2011,1704.06,91346.73,,69776,7555.61,15,Strain,Lifting,89350.17
IN,04 - Minor Permanent Part,WC,WC,CA,157,O,Accepted,Low Back Area (Incl. Lumbar & Lumbo-Sacral),6/25/2013,5/9/2013,N,,0,94533,,66101,20100,6,Sprain,Pushing or Pulling,14234.83
IN,05 - Temporary Total/Part,WC,WC,NC,814,O,Accepted,Ankle,9/7/2011,9/6/2011,N,,252.61,99988.62,,64048.52,24350,8,Strain,Fall/Slip From Liquid or Grease Spills,49949.94
IN,05 - Temporary Total/Part,WC,WC,NH,298,O,Accepted,Low Back Area (Incl. Lumbar & Lumbo-Sacral),2/4/2013,2/3/2013,N,,423.45,137136.43,,63516.02,66600.41,9,Strain,Lifting,65396.08
IN,04 - Minor Permanent Part,WC,WC,CA,1645,O,Accepted,Shoulder(s),5/29/2009,5/12/2009,N,6/1/2010,1,135091.53,,61511.16,67964.41,13,Sprain,Fall On the Same Level,100967.49
IN,03 - Scheduled Permanent,WC,WC,VA,166,O,Accepted,"Arm, Multiple",6/14/2013,6/13/2013,N,10/24/2013,937.5,132652.85,,59377.85,66000,4,Fracture,Trip,64775.78
IN,05 - Temporary Total/Part,WC,WC,CO,267,O,Accepted,Low Back Area (Incl. Lumbar & Lumbo-Sacral),3/7/2013,2/16/2013,N,7/29/2013,783.72,104902.92,,59202.92,36800,4,Strain,Pushing or Pulling,32293.43
IN,05 - Temporary Total/Part,WC,WC,OK,2151,O,Accepted,Multiple Body Parts,1/9/2008,1/4/2008,N,9/10/2010,720.58,113112.33,,57895.69,41681.91,25,Strain,Lifting,91875.87
IN,05 - Temporary Total/Part,WC,WC,MA,396,O,Accepted,Back (All Other),10/29/2012,10/13/2012,N,,1090.15,118987.44,,54687.44,56200,5,Sprain,Lifting,64239.59
IN,05 - Temporary Total/Part,WC,WC,MA,556,O,Accepted,"Arm, Multiple",5/21/2012,5/20/2012,N,,847.41,91828.8,,52878.8,26250,6,Sprain,Lifting,47144.37
IN,05 - Temporary Total/Part,WC,WC,ME,383,O,Accepted,Shoulder(s),11/9/2012,11/9/2012,N,,1,91951.49,,52490.14,26453.8,5,Strain,Fall/Slip From Liquid or Grease Spills,71099.35
IN,05 - Temporary Total/Part,WC,WC,MN,159,O,Accepted,Low Back Area (Incl. Lumbar & Lumbo-Sacral),6/21/2013,6/5/2013,N,,1,166480.24,,49750,102713.24,6,Herniated Disc,Lifting,100334.54
IN,04 - Minor Permanent Part,WC,WC,CA,355,O,Accepted,Foot,12/7/2012,9/24/2012,N,,1839.58,115380.61,,49500.88,53600,9,Inflammation,Bodily Reaction,37540.73
IN,04 - Minor Permanent Part,WC,WC,CA,536,O,Accepted,Shoulder(s),6/11/2012,5/11/2012,Y,,1922.52,99417.62,41487,49299.62,46489,7,Rotator Cuff Tear,Cumulative (All Other),61176.96
IN,04 - Minor Permanent Part,WC,WC,CA,1475,O,Accepted,"Arm, Multiple",11/13/2009,10/24/2009,N,,531.93,155385.26,,48495.48,97188.61,19,Sprain,Lifting,80832.82
IN,04 - Minor Permanent Part,WC,WC,CA,121,O,Accepted,Knee,7/26/2013,7/23/2013,N,,1297.78,71413,,47433,18050,4,"Contusion (Bruise, Skin Surface)",Struck/Injured By Falling or Flying Object,17558.09
IN,05 - Temporary Total/Part,WC,WC,CO,348,O,Accepted,Wrist,12/14/2012,12/14/2012,N,,1623.89,99027.24,,47267.24,37900,7,Fracture,Caught In/Between-Furniture,65766.11
IN,09 - Permanent Partial (N,WC,WC,WI,981,O,Accepted,Wrist,3/25/2011,3/24/2011,N,12/3/2011,520.36,76591.76,,47231.22,25926.42,7,Fracture,Fall/Slip on Ice or Snow,68860.56
IN,09 - Permanent Partial (N,WC,WC,KY,1458,O,Accepted,Upper Back Area (Thoracic Area),12/3/2009,12/2/2009,N,11/29/2010,1283.64,90647.46,,45594.89,42527.57,17,Strain,Fall/Slip From Liquid or Grease Spills,58089.78
IN,04 - Minor Permanent Part,WC,WC,CA,268,O,Accepted,Lumbar and/or Sacral Vertebrae,3/6/2013,3/4/2013,N,9/30/2013,1407.53,90800.7,,45550.7,37850,5,Sprain,Collision with Another Vehicle,29521.53
IN,05 - Temporary Total/Part,WC,WC,CT,178,O,Accepted,Knee,6/4/2013,6/3/2013,N,,1344.99,108740,,45225,60000,4,Fracture,Fall/Slip From Liquid or Grease Spills,39538.44
IN,05 - Temporary Total/Part,WC,WC,MT,486,O,Accepted,Wrist,7/30/2012,7/18/2012,N,,484.9,77112.66,,44983.04,29614.52,11,Strain,"Caught In, Under or Between, NOC",49200.03
IN,04 - Minor Permanent Part,WC,WC,CA,1319,O,Accepted,Upper Leg,4/21/2010,4/20/2010,N,11/15/2010,1,178897.1,41195,40798.21,128735,9,Fracture,Fall/Slip into Openings,68976.59
IN,04 - Unscheduled Permanen,WC,WC,IL,367,O,Accepted,Multiple Body Parts,11/27/2012,11/21/2012,Y,10/7/2013,1389.06,91626.06,,40745.76,40855.3,9,Rotator Cuff Tear,Strike Against/Step On Stationary Object,85921.5
IN,05 - Temporary Total/Part,WC,WC,VT,683,O,Accepted,Wrist,1/16/2012,9/20/2011,N,8/17/2013,1625.94,67748.69,,40493.65,24660.61,8,Sprain,"Struck/Injured By Fellow Worker, Patient",39695.41
IN,04 - Minor Permanent Part,WC,WC,CA,66,O,Accepted,Knee,9/24/2013,9/24/2013,N,,1376.03,68549.3,,40379.3,23350,3,"Contusion (Bruise, Skin Surface)",Fall On the Same Level,8605.25
IN,04 - Minor Permanent Part,WC,WC,CA,152,O,Accepted,Shoulder(s),6/28/2013,3/31/2013,N,,1866.45,72715.04,,39655.04,27300,5,Sprain,Lifting,11714.52
IN,03 - Scheduled Permanent,WC,WC,IN,431,O,Accepted,Upper Arm (Incl. Clavicle & Scapula),9/19/2012,9/19/2012,Y,6/20/2013,609.18,839276.8,,39371.36,676625.44,11,Rotator Cuff Tear,Pushing or Pulling,581441.53
IN,05 - Temporary Total/Part,WC,WC,NJ,1324,O,Accepted,Knee,3/31/2010,3/24/2010,Y,7/22/2010,1135,98866.18,,38866.4,40063.58,15,Meniscus Tear,Fall/Slip From Liquid or Grease Spills,86374.83
IN,04 - Minor Permanent Part,WC,WC,CA,267,O,Accepted,Back (All Other),3/5/2013,3/4/2013,N,,1606,71287.55,,38366.28,31186.27,6,Strain,Collision with Another Vehicle,24138.55
IN,05 - Temporary Total/Part,WC,WC,PA,194,O,Accepted,Low Back Area (Incl. Lumbar & Lumbo-Sacral),5/17/2013,5/17/2013,N,,505.8,78149.86,,38300,27500,7,Sprain,Pushing or Pulling,73806.55
IN,05 - Temporary Total/Part,WC,WC,KY,477,O,Accepted,Foot,8/9/2012,8/9/2012,Y,,1066.29,78732.88,41593,38067.78,37900,9,Fracture,Fall/Slip From Ladder or Scaffolding,65582.29
IN,05 - Temporary Total/Part,WC,WC,AZ,451,O,Accepted,Wrist,9/4/2012,8/28/2012,N,,459.77,99995.03,,37715.03,46775,8,Strain,Lifting,42992.93
IN,04 - Minor Permanent Part,WC,WC,CA,193,O,Accepted,Low Back Area (Incl. Lumbar & Lumbo-Sacral),5/20/2013,5/18/2013,N,,655.08,71425.4,,36780.4,27700,5,Sprain,Pushing or Pulling,13037.82
IN,03 - Scheduled Permanent,WC,WC,WI,684,O,Accepted,Lower Leg,1/12/2012,1/12/2012,Y,10/10/2013,486.46,165281.78,,36765.78,106500,9,Fracture,Fall On the Same Level,103239.62
IN,05 - Temporary Total/Part,WC,WC,VT,508,O,Accepted,Knee,7/5/2012,7/4/2012,N,6/24/2013,768.69,78430.69,,35989.92,38000,6,Fracture,"Fall, Slip or Trip, NOC",45411.64
IN,05 - Temporary Total/Part,WC,WC,NY,569,O,Accepted,Wrist,8/5/2011,7/21/2011,N,3/19/2013,826.56,48094.54,,35000,9636.63,14,Carpal Tunnel Syndrome,Repetitive Motion (after 7/1/94),33150.28
IN,05 - Temporary Total/Part,WC,WC,MA,291,O,Accepted,Low Back Area (Incl. Lumbar & Lumbo-Sacral),2/11/2013,1/24/2013,N,,1026.33,82357.8,,34484.8,38500,9,Sprain,Lifting,40053.82
IN,09 - Permanent Partial (N,WC,WC,TN,535,O,Accepted,Knee,6/12/2012,6/12/2012,Y,2/15/2013,633.19,59442.54,,34192.67,21984.07,10,Fracture,Fall/Slip From Liquid or Grease Spills,33038.95
IN,05 - Temporary Total/Part,WC,WC,CO,388,O,Accepted,Disc (Neck),11/6/2012,11/1/2012,N,,632.97,89061.14,,33641.14,41450,9,Sprain,Lifting,39899.08
IN,05 - Temporary Total/Part,WC,WC,VA,519,O,Accepted,Shoulder(s),6/28/2012,6/27/2012,N,,422.56,92590.54,41442,32163.1,52407.75,6,Rotator Cuff Tear,Lifting,87315.54
IN,04 - Minor Permanent Part,WC,WC,CA,278,O,Accepted,Low Back Area (Incl. Lumbar & Lumbo-Sacral),2/22/2013,2/21/2013,N,,591.71,70689.84,,32109.84,30250,7,Sprain,Strike Against Cart,15405.34
IN,04 - Minor Permanent Part,WC,WC,CA,358,O,Accepted,Shoulder(s),12/6/2012,12/5/2012,N,,506.94,114681.15,,31797.6,66321.55,6,"Contusion (Bruise, Skin Surface)","Struck or Injury By, NOC",35044.13
IN,04 - Minor Permanent Part,WC,WC,CA,409,O,Accepted,Wrist,10/16/2012,9/28/2012,N,,631.74,64226.24,,31094.24,26700,9,Strain,Pushing or Pulling,30686.55
IN,05 - Temporary Total/Part,WC,WC,AZ,389,O,Accepted,Wrist,11/5/2012,11/3/2012,N,,794.3,56727.53,,30492.67,21587.39,8,Sprain,Pushing or Pulling,37018.02
IN,04 - Minor Permanent Part,WC,WC,CA,347,O,Accepted,Shoulder(s),12/14/2012,12/13/2012,N,,1272.85,98072.31,,30445.27,61897.04,8,Strain,Lifting,46586.14
IN,04 - Minor Permanent Part,WC,WC,CA,177,O,Accepted,Low Back Area (Incl. Lumbar & Lumbo-Sacral),6/5/2013,6/4/2013,N,,0,57101.58,,29307.84,23161.74,5,Strain,Pushing or Pulling,9699.24
IN,04 - Impairment Income Be,WC,WC,TX,4573,O,Accepted,Low Back Area (Incl. Lumbar & Lumbo-Sacral),10/3/2000,9/21/2000,N,1/6/2003,361.7,660125,,28599.8,581262.35,95,Strain,Lifting,228153.75
IN,09 - Permanent Partial (N,WC,WC,KY,296,O,Accepted,"Leg, Multiple",2/6/2013,2/6/2013,N,4/26/2013,1558.41,83277.96,,28594.76,50175,5,Fracture,Fall/Slip on Ice or Snow,47455.24
IN,04 - Minor Permanent Part,WC,WC,CA,110,O,Accepted,Wrist,8/9/2013,8/9/2013,N,,501.32,51342.81,,28541.3,17761.51,5,"Contusion (Bruise, Skin Surface)",Fall On the Same Level,13812.32
IN,04 - Minor Permanent Part,WC,WC,CA,313,O,Accepted,Wrist,1/21/2013,1/18/2013,N,11/11/2013,671.79,99043.44,,28324.44,62100,5,Carpal Tunnel Syndrome,Repetitive Motion (after 7/1/94),28319.92
IN,05 - Temporary Total/Part,WC,WC,NC,813,O,Accepted,Low Back Area (Incl. Lumbar & Lumbo-Sacral),9/8/2011,9/1/2011,N,,131.74,59407.19,40851,28303.6,10580.94,10,Strain,Lifting,28961.24
IN,05 - Temporary Total/Part,WC,WC,MA,87,O,Accepted,Back (All Other),8/30/2013,8/30/2013,N,,1812.86,39830.72,,28280.72,8500,3,Strain,Lifting,14950.33
IN,04 - Minor Permanent Part,WC,WC,CA,331,O,Accepted,Knee,1/2/2013,1/2/2013,N,9/23/2013,441.14,83357.2,,27667.2,47450,8,"Contusion (Bruise, Skin Surface)",Fall On the Same Level,36762.08
IN,04 - Minor Permanent Part,WC,WC,CA,243,O,Accepted,Shoulder(s),3/29/2013,3/28/2013,N,,576.32,59958.6,,27192.6,25350,6,Sprain,Lifting,18578.08
IN,05 - Temporary Total/Part,WC,WC,MA,142,O,Accepted,Shoulder(s),7/9/2013,7/4/2013,N,,1272.82,61246.34,,27046.34,30000,4,Strain,"Strain or Injury By, NOC",25391.79
IN,05 - Temporary Total/Part,WC,WC,KY,351,O,Accepted,"Arm, Multiple",12/13/2012,12/11/2012,N,7/4/2013,997.34,57915,,27002.46,24367.04,7,Sprain,Pushing or Pulling,40396.56
IN,04 - Minor Permanent Part,WC,WC,CA,171,O,Accepted,Knee,6/11/2013,6/8/2013,N,,1,45618.54,,26471.04,14907.5,4,Meniscus Tear,Lifting,20254.25
IN,05 - Temporary Total/Part,WC,WC,VT,208,O,Accepted,Hip,5/3/2013,5/3/2013,N,8/24/2013,1599.64,37089.32,,26314.32,7500,5,Strain,"Fall, Slip or Trip, NOC",23968.23
IN,04 - Minor Permanent Part,WC,WC,CA,330,O,Accepted,Shoulder(s),12/31/2012,12/29/2012,N,,1,48525,,25690,20300,6,Strain,Lifting,32123.97
IN,05 - Temporary Total/Part,WC,WC,PA,275,O,Accepted,Shoulder(s),2/27/2013,2/26/2013,N,,790.05,49181.2,,25281.6,19379.6,6,Sprain,Lifting,34140.15
IN,05 - Temporary Total/Part,WC,WC,ME,302,O,Accepted,Shoulder(s),2/1/2013,1/25/2013,N,,1,36281.43,,24523.88,10250,5,Strain,Lifting,24455.1
IN,04 - Minor Permanent Part,WC,WC,CA,803,O,Accepted,Ankle,9/19/2011,9/16/2011,Y,2/6/2013,460.1,81920.9,,24460.72,54222.18,9,Fracture,Fall On the Same Level,55181.74
IN,04 - Minor Permanent Part,WC,WC,CA,1617,O,Accepted,"Arm, Multiple",5/6/2008,5/2/2008,N,11/21/2008,1,77901.29,40039,24362.34,47608.95,15,Strain,Fall On the Same Level,43698.97
IN,05 - Temporary Total/Part,WC,WC,CA,110,O,Accepted,Soft Tissue-Neck,8/9/2013,2/7/2013,N,,2272.19,42892,,24252,14900,3,Strain,Lifting,13613.04
IN,04 - Minor Permanent Part,WC,WC,CA,81,O,Accepted,Lower Arm,9/3/2013,8/2/2013,N,,545.09,65436.86,,23971.86,32020,2,Strain,Pushing or Pulling,2216.2
IN,05 - Temporary Total/Part,WC,WC,MA,155,O,Accepted,Ankle,5/6/2013,4/30/2013,N,,1132.25,39552.16,,23777.16,11000,9,Sprain,Overexertion,17678.56
IN,04 - Minor Permanent Part,WC,WC,CA,474,O,Accepted,Multiple Body Parts,8/10/2012,8/10/2012,N,5/6/2013,918.17,56368.87,,23338.87,30000,7,Strain,Fall On the Same Level,31441.38
IN,05 - Temporary Total/Part,WC,WC,NH,429,O,Accepted,Shoulder(s),9/24/2012,9/20/2012,N,,615.76,99063.53,,23275.98,67250,8,Strain,Lifting,73487.68
IN,04 - Minor Permanent Part,WC,WC,CA,470,O,Accepted,Shoulder(s),8/16/2012,8/14/2012,N,11/21/2013,478.25,75649.8,,23269.8,43850,7,Strain,Pushing or Pulling,31702
IN,04 - Minor Permanent Part,WC,WC,CA,2333,O,Accepted,Back (All Other),7/11/2007,7/10/2007,N,,1,149783.48,39872,23208.91,116808.85,19,Strain,Lifting,87188.51
IN,03 - Scheduled Permanent,WC,WC,IL,214,O,Accepted,Knee,4/29/2013,4/5/2013,N,,1011.92,70248.57,,22718.57,36000,6,Meniscus Tear,Twisting,20494.46
IN,05 - Temporary Total/Part,WC,WC,AZ,1379,O,Accepted,Multiple Body Parts,10/25/2009,10/3/2009,Y,7/19/2011,1,167580.32,,22560.76,118170.64,15,Strain,Pushing or Pulling,115618.6
IN,04 - Minor Permanent Part,WC,WC,CA,960,O,Accepted,Low Back Area (Incl. Lumbar & Lumbo-Sacral),4/14/2011,4/12/2011,N,,1403.77,56028.74,40866,22267.2,29652.41,6,Strain,Lifting,34173.87
IN,04 - Minor Permanent Part,WC,WC,CA,143,O,Accepted,Upper Back Area (Thoracic Area),7/9/2013,6/25/2013,N,,1,47935.56,,22179.36,22724.2,4,Sprain,"Strain or Injury By, NOC",14377.7
IN,04 - Minor Permanent Part,WC,WC,CA,464,O,Accepted,Low Back Area (Incl. Lumbar & Lumbo-Sacral),8/22/2012,8/19/2012,N,1/8/2013,1163.93,46921.17,,21514.17,22725,9,Strain,Lifting,24656.3
IN,05 - Temporary Total/Part,WC,WC,CA,85,O,Accepted,Shoulder(s),9/5/2013,9/2/2013,N,,1005.92,40539.52,,21459.52,16000,4,Strain,"Strain or Injury By, NOC",10404.33
IN,05 - Temporary Total/Part,WC,WC,KY,43,O,Accepted,Upper Arm (Incl. Clavicle & Scapula),10/17/2013,10/17/2013,N,,1387.08,43608.41,,21333.41,19650,3,Fracture,"Fall, Slip or Trip, NOC",5918.4
IN,04 - Minor Permanent Part,WC,WC,CA,444,O,Accepted,Shoulder(s),9/11/2012,8/6/2012,N,,597.98,89690.21,,21205.21,60575,9,Strain,Continuous Trauma,28758.79
IN,05 - Temporary Total/Part,WC,WC,OH,248,O,Accepted,Shoulder(s),3/26/2013,3/24/2013,Y,,1240.92,49161.46,,20871.36,24450,7,Strain,Lifting,17225.65
IN,09 - Permanent Partial (N,WC,WC,KY,233,O,Accepted,Low Back Area (Incl. Lumbar & Lumbo-Sacral),4/10/2013,4/3/2013,N,5/11/2013,1412.8,44103.24,,20391.5,21204.19,3,Strain,Lifting,16074.06
IN,04 - Minor Permanent Part,WC,WC,CA,232,O,Accepted,Shoulder(s),4/11/2013,3/23/2013,N,10/4/2013,912.58,43828.91,,20121.36,20900,7,Sprain,Lifting,13067.23
IN,05 - Temporary Total/Part,WC,WC,NV,240,O,Accepted,Knee,4/2/2013,3/23/2013,Y,,529.2,37537.8,,20109.6,14420,3,Meniscus Tear,Lifting,21704.14
IN,05 - Temporary Total/Part,WC,WC,MA,365,O,Accepted,Shoulder(s),11/29/2012,11/28/2012,N,11/29/2012,1,49600.23,,19975.23,23750,4,Sprain,Lifting,5910.01
IN,05 - Temporary Total/Part,WC,WC,OK,120,O,Accepted,Ankle,8/1/2013,8/1/2013,N,10/8/2013,2057.34,33891.6,,19676.5,11600,2,Fracture,Fall/Slip From Liquid or Grease Spills,15727.14
IN,05 - Temporary Total/Part,WC,WC,AZ,469,O,Accepted,Elbow,5/2/2012,5/1/2012,N,,1,72062.15,,19661.68,38683.73,8,Sprain,Lifting,22149.02
IN,05 - Temporary Total/Part,WC,WC,TX,233,O,Accepted,Low Back Area (Incl. Lumbar & Lumbo-Sacral),4/10/2013,4/10/2013,N,,1320,37554.65,,19632,10750,4,Sprain,"Fall, Slip or Trip, NOC",25085.11
IN,05 - Temporary Total/Part,WC,WC,TX,135,O,Accepted,Low Back Area (Incl. Lumbar & Lumbo-Sacral),7/17/2013,7/16/2013,N,,1,36590.6,,19632,14234.1,6,Strain,Lifting,22517.45
IN,05 - Temporary Total/Part,WC,WC,NC,403,O,Accepted,Back (All Other),10/22/2012,10/19/2012,N,,230.6,45910.26,,19000.16,23620,6,Strain,Pushing or Pulling,26889.97
IN,04 - Minor Permanent Part,WC,WC,CA,632,O,Accepted,Head NEC,3/8/2012,3/7/2012,N,9/13/2012,1036.63,37773.04,,18926.03,46211.17,7,"Concussion (Brain, Cerebral)",Struck/Injured By Motor Vehicle,26650.16
IN,05 - Temporary Total/Part,WC,WC,TX,274,O,Accepted,Sacrum and Cocyx,2/28/2013,2/20/2013,N,10/21/2013,965.19,43201.31,,18917.64,20303.47,7,Strain,Lifting,35079.47
IN,05 - Temporary Total/Part,WC,WC,UT,516,O,Accepted,Foot,6/29/2012,6/28/2012,N,,319.6,82081.92,,18382.44,49549.57,8,Crushing,Struck/Injured By Hand Tool or Machine in Use,39597.09
IN,05 - Temporary Total/Part,WC,WC,PA,113,O,Accepted,Low Back Area (Incl. Lumbar & Lumbo-Sacral),8/8/2013,8/8/2013,N,,2620.37,49680,,18360,28300,4,Strain,"Strain or Injury By, NOC",22872.79
IN,04 - Minor Permanent Part,WC,WC,CA,128,O,Accepted,Shoulder(s),7/25/2013,7/24/2013,N,,1842.11,34780.64,,18320.64,13600,5,Strain,Repetitive Motion (after 7/1/94),8422.79
IN,05 - Temporary Total/Part,WC,WC,KY,584,O,Accepted,Knee,4/24/2012,4/18/2012,N,12/3/2012,1384.8,45954.46,,18246.67,24254.89,12,Sprain,Struck/Injured By Falling or Flying Object,31867.37
IN,04 - Minor Permanent Part,WC,WC,CA,180,O,Accepted,Upper Back Area (Thoracic Area),5/31/2013,5/30/2013,N,8/26/2013,41.51,27833.34,,18245.48,7157.86,3,Fracture,Trip,17295.67
IN,05 - Temporary Total/Part,WC,WC,UT,232,O,Accepted,Knee,2/2/2012,1/5/2012,N,10/21/2013,926.18,54369.27,,17769.27,30350,7,Sprain,Fall On the Same Level,9300.62
IN,05 - Temporary Total/Part,WC,WC,TX,260,O,Accepted,Knee,3/14/2013,2/27/2013,N,2/28/2013,880,38239.18,,17509.08,18350,5,Strain,"Caught In, Under or Between, NOC",8782.2
IN,03 - Scheduled Permanent,WC,WC,IN,194,O,Accepted,Ankle,5/17/2013,5/16/2013,Y,10/17/2013,940.24,57967.2,,17437.2,35000,6,Strain,"Fall, Slip or Trip, NOC",35576.41
IN,05 - Temporary Total/Part,WC,WC,NJ,340,O,Accepted,Wrist,11/7/2012,11/5/2012,N,5/14/2013,631.49,47283.71,,17356,19702.74,6,Sprain,Twisting,27593.09
IN,05 - Temporary Total/Part,WC,WC,OH,309,O,Accepted,Lumbar and/or Sacral Vertebrae,1/24/2013,1/24/2013,N,,529.09,42033.92,,17250.28,15250,9,Sprain,Lifting,25468.74
IN,05 - Temporary Total/Part,WC,WC,NH,229,O,Accepted,Finger(s),4/12/2013,4/11/2013,N,7/2/2013,1039.41,28657.81,,17137.81,10500,4,Amputation,"Caught In, Under or Between, NOC",6027.89
IN,05 - Temporary Total/Part,WC,WC,UT,572,O,Accepted,Wrist,5/4/2012,5/4/2012,N,6/18/2013,514.79,38899.8,,17039.34,18400.39,11,Sprain,Fall On the Same Level,22586.01
IN,05 - Temporary Total/Part,WC,WC,ID,211,O,Accepted,Back (All Other),4/30/2013,4/27/2013,N,,404.1,49448.66,,16580.4,31002.38,5,Sprain,Overexertion,16904.48
IN,05 - Temporary Total/Part,WC,WC,OK,284,O,Accepted,Shoulder(s),2/18/2013,2/4/2013,Y,11/22/2013,567.07,40046.15,,16112.04,21311.46,7,Rupture,Lifting,28397.23
IN,05 - Temporary Total/Part,WC,WC,MN,198,O,Denied,Low Back Area (Incl. Lumbar & Lumbo-Sacral),5/15/2013,5/10/2013,N,11/23/2013,689.3,34700.55,,16083.55,10900,8,Strain,Lifting,22354.77
IN,05 - Temporary Total/Part,WC,WC,CO,159,O,Accepted,Shoulder(s),6/20/2013,5/28/2013,N,8/30/2013,868.82,64621.68,41557,15861.68,35900,3,"Contusion (Bruise, Skin Surface)",Lifting,15974.45
IN,05 - Temporary Total/Part,WC,WC,MI,489,O,Accepted,Low Back Area (Incl. Lumbar & Lumbo-Sacral),3/15/2009,3/15/2009,Y,7/8/2013,1504,82562.63,,15684.56,61966.07,13,Sprain,Lifting,53833.37
IN,05 - Temporary Total/Part,WC,WC,TX,254,O,Accepted,Wrist,3/20/2013,1/31/2013,N,,456.12,46617.47,,15644.72,25850,7,Sprain,"Caught In, Under or Between, NOC",25025.02
IN,04 - Minor Permanent Part,WC,WC,CA,360,O,Accepted,"Arm, Multiple",11/30/2012,11/30/2012,N,,763.45,74161.4,,15629.4,51000,6,Sprain,Lifting,14730.85
IN,05 - Temporary Total/Part,WC,WC,FL,197,O,Accepted,Shoulder(s),5/16/2013,5/13/2013,N,5/13/2013,1536.97,35132.77,,14892,16761.52,4,Sprain,"Strain or Injury By, NOC",4022.41
IN,05 - Temporary Total/Part,WC,WC,MA,385,O,Accepted,Wrist,9/27/2012,9/26/2012,N,2/11/2013,1229.05,24525.83,,14853.98,8968.17,8,Sprain,"Caught In, Under or Between, NOC",22902.03
IN,03 - Scheduled Permanent,WC,WC,NC,150,O,Accepted,Low Back Area (Incl. Lumbar & Lumbo-Sacral),7/2/2013,6/26/2013,N,9/30/2013,937.5,40531.52,,14375.69,24539.43,3,Strain,Lifting,18018.55
IN,04 - Impairment Income Be,WC,WC,TX,339,O,Accepted,Knee,12/20/2012,12/13/2012,N,,382.5,50881.01,,14244.69,26781.12,10,Sprain,"Fall, Slip or Trip, NOC",48783.99
IN,04 - Minor Permanent Part,WC,WC,CA,703,O,Accepted,Lower Leg,12/23/2011,12/23/2011,N,1/2/2012,897.01,34738.41,,14124.47,17191.29,9,Strain,Pushing or Pulling,22793.17
IN,05 - Temporary Total/Part,WC,WC,PA,271,O,Accepted,Finger(s),2/28/2013,2/13/2013,N,7/15/2013,1,35287.93,,13755,19195.38,6,Sprain,"Caught In, Under or Between, NOC",27714.28
IN,04 - Minor Permanent Part,WC,WC,CA,96,O,Accepted,Knee,8/23/2013,8/23/2013,N,,1,35647.2,,13706.13,19800,3,Strain,"Strain or Injury By, NOC",7463.73
IN,05 - Temporary Total/Part,WC,WC,MN,304,O,Accepted,Shoulder(s),1/29/2013,12/10/2012,N,,793.96,41102.22,,13535.22,16750,7,Sprain,Lifting,27260.69
IN,04 - Minor Permanent Part,WC,WC,CA,262,O,Accepted,Knee,3/12/2013,3/12/2013,N,,494.87,46374.89,,13437.84,31079.5,4,"Contusion (Bruise, Skin Surface)","Fall, Slip or Trip, NOC",6576.6
IN,04 - Minor Permanent Part,WC,WC,CA,106,O,Accepted,Soft Tissue-Neck,8/15/2013,8/8/2013,N,10/14/2013,1184.44,34976.3,,13416.3,18000,3,Strain,Repetitive Motion (after 7/1/94),11794.99
IN,03 - Scheduled Permanent,WC,WC,IN,297,O,Accepted,Knee,2/5/2013,2/5/2013,N,2/6/2013,1,39126.2,41548,13346.2,22500,5,Strain,Fall/Slip From Liquid or Grease Spills,7861.84
IN,05 - Temporary Total/Part,WC,WC,TX,16,O,Accepted,Back (All Other),11/13/2013,10/31/2013,N,,1188,16320.7,,13305.6,2100,2,Sprain,Lifting,50.33
IN,05 - Temporary Total/Part,WC,WC,CO,36,O,Accepted,Low Back Area (Incl. Lumbar & Lumbo-Sacral),10/24/2013,10/23/2013,N,10/24/2013,1,24086.48,,13236.48,8850,2,Strain,Pushing or Pulling,1267.19
IN,05 - Temporary Total/Part,WC,WC,NC,360,O,Accepted,Shoulder(s),12/4/2012,12/4/2012,N,,294,25847.52,,13232.42,6125,5,Strain,Lifting,14558.37
IN,05 - Temporary Total/Part,WC,WC,CA,59,O,Accepted,Shoulder(s),9/30/2013,9/29/2013,N,,1,30299.12,,13119.12,14600,4,Strain,Pushing or Pulling,3792.79
IN,05 - Temporary Total/Part,WC,WC,CT,155,O,Accepted,Low Back Area (Incl. Lumbar & Lumbo-Sacral),6/26/2013,6/25/2013,N,,804.4,34775,,13000,20000,5,Strain,"Struck/Injured By Fellow Worker, Patient",14530.37
IN,05 - Temporary Total/Part,WC,WC,MA,58,O,Accepted,Thumb,10/3/2013,9/29/2013,N,,896.11,24752.08,,12904.08,8250,4,Strain,Lifting,4895.16
IN,05 - Temporary Total/Part,WC,WC,NH,192,O,Accepted,Wrist,5/21/2013,5/20/2013,N,,414.08,66220.21,,12854.21,47600,6,Strain,"Struck/Injured By Fellow Worker, Patient",19604.59
IN,05 - Temporary Total/Part,WC,WC,WI,52,O,Accepted,"Arm, Multiple",10/8/2013,10/7/2013,Y,,580,54907.16,,12690.16,37900,3,Rotator Cuff Tear,Twisting,2271.56
IN,05 - Temporary Total/Part,WC,WC,MA,221,O,Accepted,Back (All Other),4/22/2013,4/22/2013,N,,439.36,29003.76,41426,12653.76,11500,4,Sprain,"Fall, Slip or Trip, NOC",13574.59
IN,05 - Temporary Total/Part,WC,WC,ID,135,O,Accepted,Ankle,7/17/2013,7/17/2013,N,,1,23956.06,,12559.8,9388.26,4,Sprain,Twisting,4733.09
IN,03 - Scheduled Permanent,WC,WC,KS,151,O,Accepted,Knee,7/2/2013,6/17/2013,Y,9/23/2013,1470.19,36770,,12540,22100,4,Meniscus Tear,Twisting,9054.42
IN,05 - Temporary Total/Part,WC,WC,MA,486,O,Accepted,Knee,7/30/2012,7/29/2012,N,5/24/2013,1114.66,39433.06,,12360.06,20500,7,Strain,Overexertion,24499.82
IN,04 - Minor Permanent Part,WC,WC,CA,165,O,Accepted,Low Back Area (Incl. Lumbar & Lumbo-Sacral),6/17/2013,6/5/2013,N,,840.2,33668.56,,12241.56,18595,5,Sprain,Lifting,11942.8
IN,05 - Temporary Total/Part,WC,WC,TX,101,O,Accepted,"Arm, Multiple",8/20/2013,8/20/2013,N,9/25/2013,1076.4,19920.78,,12205.68,5900,4,Fracture,Fall On the Same Level,7650.06
IN,04 - Minor Permanent Part,WC,WC,CA,87,O,Accepted,Cervical,9/3/2013,8/30/2013,N,10/11/2013,1005.81,29066.48,,12186.48,14350,2,Strain,Vehicle Upset,6411.46
IN,05 - Temporary Total/Part,WC,WC,VA,78,O,Accepted,Foot,9/12/2013,9/11/2013,N,9/30/2013,1,22677.42,,12087.32,6825,4,"Contusion (Bruise, Skin Surface)",Fall/Slip From Liquid or Grease Spills,5441.61
IN,05 - Temporary Total/Part,WC,WC,MA,61,O,Accepted,Head NEC,9/27/2013,9/27/2013,N,,439.92,24573,,12000,10500,2,"Contusion (Bruise, Skin Surface)","Striking Against or Stepping On, NOC",4631.69
IN,05 - Temporary Total/Part,WC,WC,MA,43,O,Accepted,Knee,10/17/2013,10/17/2013,N,,441.12,20723,,12000,7000,2,"Contusion (Bruise, Skin Surface)",Fall/Slip From Liquid or Grease Spills,2337.07
IN,05 - Temporary Total/Part,WC,WC,MA,9,O,Accepted,Shoulder(s),11/20/2013,11/20/2013,N,,1,24650,,12000,10500,2,"Contusion (Bruise, Skin Surface)",Fall On the Same Level,0
IN,03 - Scheduled Permanent,WC,WC,IN,359,O,Accepted,Knee,12/5/2012,12/4/2012,Y,9/24/2013,437.9,69280.93,,11846.86,52584.07,8,Meniscus Tear,Fall/Slip From Liquid or Grease Spills,50872.47
IN,04 - Minor Permanent Part,WC,WC,CA,73,O,Accepted,Finger(s),9/17/2013,9/3/2013,N,9/17/2013,1558,30539.36,,11759.36,16300,3,Inflammation,Repetitive Motion (after 7/1/94),445.24
IN,05 - Temporary Total/Part,WC,WC,WI,304,O,Denied,Knee,1/29/2013,1/24/2013,N,3/12/2013,490,60443.62,,11485.08,42344.08,5,Meniscus Tear,Twisting,41431.11
IN,09 - Permanent Partial (N,WC,WC,TN,519,O,Accepted,Wrist,6/28/2012,6/18/2012,Y,5/18/2013,427.98,29360.97,,11372.04,15573.83,10,Sprain,Pushing or Pulling,15263.77
IN,05 - Temporary Total/Part,WC,WC,NC,207,O,Accepted,"Arm, Multiple",5/3/2013,5/2/2013,N,,1,44840.6,,11250.5,29050,5,Strain,Pushing or Pulling,13675.23
IN,05 - Temporary Total/Part,WC,WC,ID,256,O,Accepted,Ankle,3/18/2013,3/12/2013,N,,369.79,36468.27,,11094.9,20525.31,4,Sprain,Lifting,12744.77
IN,05 - Temporary Total/Part,WC,WC,CA,123,O,Accepted,Low Back Area (Incl. Lumbar & Lumbo-Sacral),7/29/2013,7/26/2013,N,,1,32756,,10976,18900,4,Strain,Lifting,6529.68
IN,05 - Temporary Total/Part,WC,WC,ID,493,O,Accepted,Back (All Other),7/18/2012,7/16/2012,N,8/2/2012,1,16603.67,,10906.5,5460.77,7,Strain,Lifting,15903.67
IN,04 - Minor Permanent Part,WC,WC,CA,316,O,Accepted,Ankle,1/17/2013,12/7/2012,N,8/15/2013,1032,45634.46,,10879.46,30125,5,Sprain,"Slipped, Did Not Fall",5594.5
IN,05 - Temporary Total/Part,WC,WC,OH,1635,O,Accepted,"Arm, Multiple",10/17/2006,9/13/2006,N,11/2/2009,413.32,99303.92,40228,10797.17,81941.65,21,Fracture,Contact With Not Otherwise Classified,56259.23
IN,03 - Scheduled Permanent,WC,WC,IN,261,O,Accepted,Shoulder(s),3/13/2013,3/11/2013,N,7/22/2013,1,33337.92,,10757.92,20500,6,Rotator Cuff Tear,Fall/Slip From Liquid or Grease Spills,5780.61
IN,04 - Unscheduled Permanen,WC,WC,IN,200,O,Accepted,Hip,5/13/2013,5/11/2013,N,11/4/2013,1186.23,36480,,10600,23500,7,Strain,"Fall, Slip or Trip, NOC",14746.41
IN,04 - Minor Permanent Part,WC,WC,CA,163,O,Accepted,Low Back Area (Incl. Lumbar & Lumbo-Sacral),6/19/2013,6/7/2013,N,6/18/2013,1,24574.19,,10210,11824.19,3,"Contusion (Bruise, Skin Surface)","Fall, Slip or Trip, NOC",2407.64
IN,03 - Scheduled Permanent,WC,WC,IN,471,O,Accepted,Wrist,8/15/2012,8/10/2012,Y,2/18/2013,1720.06,37473.67,,10057.14,24926.53,7,Strain,Lifting,30513.52
IN,04 - Minor Permanent Part,WC,WC,CA,143,O,Accepted,Wrist,7/9/2013,6/1/2012,N,,0,32515.04,,10025.04,19850,4,Strain,Repetitive Motion (after 7/1/94),7854.36
IN,03 - Scheduled Permanent,WC,WC,WI,194,O,Accepted,Knee,5/17/2013,5/14/2013,Y,7/15/2013,1,47622.47,,9919,35686.47,7,Meniscus Tear,Twisting,44267.57
IN,05 - Temporary Total/Part,WC,WC,CT,106,O,Accepted,Multiple Body Parts,8/14/2013,8/13/2013,N,11/11/2013,1027.39,18553.04,,9783.04,6750,6,Strain,Lifting,8038.08
IN,04 - Impairment Income Be,WC,WC,TX,1912,O,Accepted,Lumbar and/or Sacral Vertebrae,4/19/2006,4/18/2006,Y,9/8/2007,258.85,272337.3,,9706.6,242753.19,55,Sprain,Lifting,170554.74
IN,05 - Temporary Total/Part,WC,WC,PA,205,O,Accepted,Shoulder(s),5/8/2013,5/7/2013,N,11/5/2013,1,49320,,9600,38100,3,Strain,Pushing or Pulling,24169.03
IN,05 - Temporary Total/Part,WC,WC,PA,102,O,Accepted,Shoulder(s),8/19/2013,8/14/2013,N,10/28/2013,1198.19,19355.6,,9585.6,7150,3,Strain,Pushing or Pulling,11761.47
IN,05 - Temporary Total/Part,WC,WC,TX,139,O,Accepted,Abdomen Including Groin,6/5/2013,5/20/2013,N,10/7/2013,440.42,31503.67,,9556.99,18924.03,10,Strain,"Fall, Slip or Trip, NOC",13475.69
IN,05 - Temporary Total/Part,WC,WC,CA,116,O,Accepted,Knee,8/3/2013,8/3/2013,N,,470.47,33789.2,,9409.2,17250,3,Sprain,"Strain or Injury By, NOC",3053.06
IN,04 - Impairment Income Be,WC,WC,TX,549,O,Accepted,Wrist,5/29/2012,5/29/2012,N,6/27/2012,322.57,39598.35,,9168.2,19422.15,7,Fracture,"Fall, Slip or Trip, NOC",30379.53
IN,05 - Temporary Total/Part,WC,WC,TN,312,O,Accepted,Low Back Area (Incl. Lumbar & Lumbo-Sacral),1/21/2013,1/19/2013,N,10/14/2013,309.25,35308.09,,9160.03,14147,14,Sprain,Bending,19317.03
IN,05 - Temporary Total/Part,WC,WC,TX,228,O,Accepted,Cervical,4/15/2013,4/4/2013,N,4/5/2013,543.6,34160.58,,9132.48,11600,6,Strain,Pushing or Pulling,20484.22
IN,05 - Temporary Total/Part,WC,WC,CA,38,O,Accepted,Elbow,10/22/2013,10/21/2013,N,,684.4,21455.4,,9125.4,10500,2,"Contusion (Bruise, Skin Surface)",Fall/Slip From Liquid or Grease Spills,2970.82
IN,05 - Temporary Total/Part,WC,WC,TN,404,O,Accepted,Low Back Area (Incl. Lumbar & Lumbo-Sacral),10/19/2012,10/17/2012,N,8/15/2013,1,36878.31,,9013.16,20742.5,17,Strain,Pushing or Pulling,17841.84
IN,05 - Temporary Total/Part,WC,WC,ME,1036,O,Accepted,Wrist,3/26/2008,3/26/2008,N,1/16/2012,830.93,42586.17,,8885.03,32621.41,24,Strain,Lifting,26729.67
IN,04 - Minor Permanent Part,WC,WC,CA,317,O,Accepted,Back (All Other),1/8/2013,1/6/2013,N,1/12/2013,300,57879.46,41316,8763.46,45550,5,Sprain,Lifting,3410.54
IN,05 - Temporary Total/Part,WC,WC,ID,510,O,Accepted,Low Back Area (Incl. Lumbar & Lumbo-Sacral),8/15/2007,8/15/2007,N,3/7/2013,467.92,16679.53,41414,8600.7,7765.75,11,Strain,Bending,13618.77
IN,05 - Temporary Total/Part,WC,WC,ID,163,O,Accepted,Knee,6/18/2013,6/17/2013,N,,1,31440.69,,8560.5,21982.75,2,Sprain,Bending,13859.4
IN,05 - Temporary Total/Part,WC,WC,CA,54,O,Accepted,Low Back Area (Incl. Lumbar & Lumbo-Sacral),10/4/2013,10/4/2013,N,10/30/2013,637.78,19578.8,,8503.8,9150,2,Strain,Lifting,3403.09
IN,05 - Temporary Total/Part,WC,WC,PA,206,O,Accepted,Low Back Area (Incl. Lumbar & Lumbo-Sacral),5/7/2013,5/6/2013,N,7/1/2013,1196.55,27520,,8400,15000,4,Sprain,Pushing or Pulling,9461.57
IN,03 - Scheduled Permanent,WC,WC,IN,106,O,Accepted,Knee,8/15/2013,8/15/2013,Y,11/12/2013,436.76,36874.04,,8394.04,24500,3,Meniscus Tear,Caught In/Between-Machine or Machinery,1800.28
IN,04 - Minor Permanent Part,WC,WC,CA,142,O,Accepted,Shoulder(s),7/10/2013,6/19/2013,N,,231.14,31260.88,,8380.88,15850,3,Strain,Lifting,3893.1
IN,04 - Minor Permanent Part,WC,WC,CA,130,O,Accepted,Hand,7/22/2013,7/9/2013,N,7/10/2013,0,26178.24,41466,8267.04,13000,3,Sprain,Lifting,1762.63
IN,05 - Temporary Total/Part,WC,WC,MA,172,O,Accepted,Head NEC,6/6/2013,6/5/2013,N,9/21/2013,1145.76,16351.1,,8053.1,5250,3,"Contusion (Bruise, Skin Surface)",Struck/Injured By Falling or Flying Object,11622.19
IN,05 - Temporary Total/Part,WC,WC,ID,309,O,Accepted,Knee,1/24/2013,1/14/2013,N,1/23/2013,1,22856.58,,7500,13779.54,7,Strain,Pushing or Pulling,10040.76
IN,05 - Temporary Total/Part,WC,WC,ID,136,O,Accepted,Shoulder(s),7/16/2013,7/16/2013,N,10/14/2013,1,31235.03,,7439.6,22396.73,3,Strain,Lifting,20953.75
IN,05 - Temporary Total/Part,WC,WC,ID,18,O,Accepted,Foot,11/9/2013,11/9/2013,N,11/15/2013,1,24455.8,,7346.6,15000,2,Fracture,Fall On the Same Level,7.55
IN,05 - Temporary Total/Part,WC,WC,PA,80,O,Accepted,Lumbar and/or Sacral Vertebrae,7/31/2013,7/8/2013,N,8/21/2013,1,15656,,7336,6700,7,Strain,Lifting,2708.01
IN,05 - Temporary Total/Part,WC,WC,TN,58,O,Accepted,Low Back Area (Incl. Lumbar & Lumbo-Sacral),9/30/2013,9/26/2013,N,,386.81,26240.92,,7220.92,12350,4,Strain,"Strain or Injury By, NOC",4437.05
IN,04 - Unscheduled Permanen,WC,WC,IN,145,O,Accepted,Upper Arm (Incl. Clavicle & Scapula),7/2/2013,6/30/2013,N,6/30/2013,1,26507.25,,7000,15477.25,5,Strain,Lifting,13705.72
IN,04 - Minor Permanent Part,WC,WC,CA,198,O,Accepted,Finger(s),5/15/2013,3/26/2013,N,9/7/2013,508.75,39207.7,,6841.7,28050,4,Sprain,Repetitive Motion,5367.38
IN,04 - Minor Permanent Part,WC,WC,CA,190,O,Accepted,"Arm, Multiple",5/23/2013,5/22/2013,N,,482.6,30007.3,,6667.3,17300,5,Sprain,Lifting,5236.06
IN,05 - Temporary Total/Part,WC,WC,OR,45,O,Deferred,Shoulder(s),10/15/2013,10/2/2013,N,,332.02,14640.2,,6640.2,5500,2,Strain,Lifting,3147.87
IN,05 - Temporary Total/Part,WC,WC,FL,102,O,Accepted,Shoulder(s),8/19/2013,8/16/2013,N,8/17/2013,1,15509.9,,6528,5661.85,4,Sprain,"Strain or Injury By, NOC",2842.8
IN,05 - Temporary Total/Part,WC,WC,CO,177,O,Accepted,Low Back Area (Incl. Lumbar & Lumbo-Sacral),6/4/2013,6/3/2013,N,,591.72,21518.04,41458,6518.04,12350,4,Strain,Pushing or Pulling,5573.8
IN,05 - Temporary Total/Part,WC,WC,ID,106,O,Accepted,Ankle,8/14/2013,8/14/2013,N,,1,24494.9,,6449.6,15020.3,4,Sprain,Fall On the Same Level,2718.08
IN,05 - Temporary Total/Part,WC,WC,CA,37,O,Accepted,Respiratory System,10/23/2013,10/17/2013,N,11/6/2013,1638.8,13980.32,,6400.32,6000,3,Inhalation,"Absorption, Ingestion or Inhalation NOC",2373.66
IN,04 - Minor Permanent Part,WC,WC,CA,170,O,Accepted,Wrist,6/12/2013,6/12/2013,N,,1,24140.09,,6362.08,14988.01,6,Strain,Pushing or Pulling,6801.32
IN,05 - Temporary Total/Part,WC,WC,PA,18,O,Accepted,Foot,11/11/2013,11/4/2013,N,11/22/2013,791.96,17555.76,,6335.76,6200,3,Fracture,"Fall, Slip or Trip, NOC",1369.49
IN,05 - Temporary Total/Part,WC,WC,CA,73,O,Accepted,Low Back Area (Incl. Lumbar & Lumbo-Sacral),9/17/2013,9/16/2013,N,10/23/2013,1187.34,24012.48,,6332.48,15800,3,Strain,Reaching,3962.07
IN,05 - Temporary Total/Part,WC,WC,TX,272,O,Accepted,Ankle,1/31/2013,1/31/2013,N,3/25/2013,1837.28,20400.27,,6076.57,11922.18,12,Sprain,"Caught In, Under or Between, NOC",17565.26
IN,05 - Temporary Total/Part,WC,WC,DE,61,O,Accepted,"Arm, Multiple",9/28/2013,9/27/2013,N,,663.55,16032.55,,6000,8500,3,Fracture,Fall On the Same Level,5463.7
IN,05 - Temporary Total/Part,WC,WC,MA,36,O,Accepted,Wrist,10/23/2013,10/21/2013,N,11/8/2013,473.81,18023,,6000,10000,2,Sprain,"Struck/Injured By Fellow Worker, Patient",898.07
IN,05 - Temporary Total/Part,WC,WC,VA,257,O,Accepted,Low Back Area (Incl. Lumbar & Lumbo-Sacral),3/15/2013,3/14/2013,N,9/9/2013,800,12825,,5866.96,3530.75,4,Strain,Struck/Injured By Motor Vehicle,11550.4
IN,04 - Unscheduled Permanen,WC,WC,IN,228,O,Accepted,Low Back Area (Incl. Lumbar & Lumbo-Sacral),4/15/2013,4/12/2013,N,,1,30178.69,41487,5861.7,19286.99,10,Strain,Pushing or Pulling,25741.56
IN,05 - Temporary Total/Part,WC,WC,CA,100,O,Accepted,Shoulder(s),8/19/2013,8/18/2013,N,,427.8,18773.82,,5803.82,9950,5,Strain,Pushing or Pulling,2735.62
IN,05 - Temporary Total/Part,WC,WC,VT,52,O,Accepted,Low Back Area (Incl. Lumbar & Lumbo-Sacral),10/8/2013,10/7/2013,N,,667.45,16775.68,,5755.68,8250,3,Strain,"Strain or Injury By, NOC",5271.83
IN,05 - Temporary Total/Part,WC,WC,FL,25,O,Accepted,Wrist(s) and Hand(s),11/4/2013,11/3/2013,N,11/25/2013,1098.94,9037.2,,5728,2520,3,Strain,"Strain or Injury By, NOC",1939.19
IN,05 - Temporary Total/Part,WC,WC,FL,816,O,Accepted,Multiple Body Parts,5/24/2006,5/18/2006,N,5/18/2006,382.45,26413.23,,5684.59,16201.71,49,Strain,Pushing or Pulling,14456.29
IN,05 - Temporary Total/Part,WC,WC,TX,81,O,Accepted,Low Back Area (Incl. Lumbar & Lumbo-Sacral),9/9/2013,9/9/2013,N,10/23/2013,634.47,11452.21,,5329.56,4450,4,Strain,Reaching,5676.12
IN,05 - Temporary Total/Part,WC,WC,NC,249,O,Accepted,Knee,3/25/2013,12/14/2012,N,7/29/2013,310.45,29374.5,,5174.5,17950,5,Sprain,"Slipped, Did Not Fall",11314.71
IN,05 - Temporary Total/Part,WC,WC,NV,79,O,Accepted,Knee,9/11/2013,9/11/2013,N,10/5/2013,627.82,17004.72,,5004.72,11000,4,"Contusion (Bruise, Skin Surface)",Fall/Slip on Stairs,5873.55
IN,05 - Temporary Total/Part,WC,WC,MA,16,O,Accepted,Shoulder(s),11/12/2013,11/6/2013,N,,1377.41,14308.72,,4958.72,8500,2,Strain,Lifting,275.1
IN,05 - Temporary Total/Part,WC,WC,NV,113,O,Accepted,Hand,8/7/2013,8/7/2013,N,8/27/2013,1205.22,17082.92,,4837.92,10725,4,"Contusion (Bruise, Skin Surface)",Struck/Injured By Falling or Flying Object,7074.84
IN,04 - Minor Permanent Part,WC,WC,CA,471,O,Accepted,Back (All Other),8/14/2012,8/12/2012,N,8/15/2012,848.42,31528.8,,4830,24368.8,4,Strain,Bending,12685.94
IN,05 - Temporary Total/Part,WC,WC,FL,53,O,Accepted,Knee,10/7/2013,10/4/2013,N,,938.61,8694.88,,4805.68,3050,2,Strain,"Fall, Slip or Trip, NOC",6333.25
IN,05 - Temporary Total/Part,WC,WC,KY,88,O,Accepted,Shoulder(s),9/1/2013,9/1/2013,N,11/25/2013,380.55,23625.32,,4800.32,9425,6,Strain,Lifting,8708.52
IN,05 - Temporary Total/Part,WC,WC,WI,201,O,Denied,Low Back Area (Incl. Lumbar & Lumbo-Sacral),5/10/2013,5/6/2013,N,7/23/2013,1,18619.24,,4586.75,10615.49,5,Strain,Lifting,15674.84
IN,05 - Temporary Total/Part,WC,WC,TX,134,O,Accepted,Knee,7/18/2013,7/17/2013,N,,535.95,14375.02,,4501.92,7600,4,"Contusion (Bruise, Skin Surface)","Fall, Slip or Trip, NOC",8321.9
IN,05 - Temporary Total/Part,WC,WC,CA,71,O,Accepted,Upper Back Area (Thoracic Area),9/18/2013,9/14/2013,N,9/23/2013,667.14,27827.6,,4447.6,20300,2,Strain,Lifting,1427.64
IN,09 - Permanent Partial (N,WC,WC,TN,491,O,Accepted,Back (All Other),7/26/2012,7/26/2012,N,12/7/2012,360.8,13932.91,41282,4437.22,7945.69,15,Sprain,Lifting,8610.34
IN,04 - Minor Permanent Part,WC,WC,CA,1018,O,Accepted,Knee,11/12/2007,10/8/2007,N,11/5/2007,1,23155.74,,4401.17,15660.57,14,Sprain,Bodily Reaction,12458.13
IN,05 - Temporary Total/Part,WC,WC,OH,228,O,Accepted,Ankle,9/4/2012,9/1/2012,N,,331.46,31627.9,,4314.72,23297.23,6,Strain,"Fall, Slip or Trip, NOC",7220.57
IN,05 - Temporary Total/Part,WC,WC,CA,74,O,Accepted,Hand,9/16/2013,9/15/2013,N,10/7/2013,561.56,23046.88,,4266.88,16300,4,"Contusion (Bruise, Skin Surface)",Fall On the Same Level,4590.78
IN,05 - Temporary Total/Part,WC,WC,VA,64,O,Accepted,Low Back Area (Incl. Lumbar & Lumbo-Sacral),9/26/2013,9/25/2013,N,10/14/2013,1064,14271.32,,4256.22,6250,1,Strain,Object Being Lifted or Handled,1901.87
IN,05 - Temporary Total/Part,WC,WC,MI,24,O,Accepted,Wrist,11/5/2013,11/5/2013,N,,1,35022.64,,4205.64,27500,3,Strain,Fall/Slip From Liquid or Grease Spills,1637.61
IN,05 - Temporary Total/Part,WC,WC,PA,222,O,Denied,Low Back Area (Incl. Lumbar & Lumbo-Sacral),4/19/2013,4/18/2013,N,,1,24820,,4200,3800,5,Strain,Lifting,16272.14
IN,09 - Permanent Partial (N,WC,WC,KY,1168,O,Accepted,Wrist,4/9/2009,4/8/2009,Y,4/6/2011,548.99,10568.51,,4046,5797.51,18,Carpal Tunnel Syndrome,Continuous Trauma,7636.98
IN,05 - Temporary Total/Part,WC,WC,TN,47,O,Accepted,Shoulder(s),10/11/2013,10/8/2013,N,10/9/2013,0,13680,,4000,8450,2,Fracture,Struck/Injured By Motor Vehicle,674.67
IN,04 - Unscheduled Permanen,WC,WC,IN,39,O,Accepted,Lumbar and/or Sacral Vertebrae,10/21/2013,10/18/2013,N,,1,6830,,3900,2700,4,Strain,Lifting,2411.51
IN,09 - Permanent Partial (N,WC,WC,TN,201,O,Accepted,Knee,5/10/2013,5/8/2013,Y,10/8/2013,180.92,32118.8,,3868.8,22950,4,Sprain,Bending,20284.14
IN,05 - Temporary Total/Part,WC,WC,MA,351,O,Accepted,Back (All Other),9/26/2012,9/26/2012,N,9/26/2012,1084.35,24784.79,,3861.79,19000,11,Sprain,Lifting,3441.62
IN,05 - Temporary Total/Part,WC,WC,OH,152,O,Accepted,Low Back Area (Incl. Lumbar & Lumbo-Sacral),6/28/2013,6/28/2013,N,,457.09,12331.76,,3823.56,6450,3,Strain,Pushing or Pulling,7039.94
IN,05 - Temporary Total/Part,WC,WC,MD,46,O,Accepted,Low Back Area (Incl. Lumbar & Lumbo-Sacral),10/10/2013,10/9/2013,N,10/18/2013,1936.12,7483.6,,3750,2275,1,Strain,Lifting,1016.53
IN,05 - Temporary Total/Part,WC,WC,TN,58,O,Accepted,Shoulder(s),9/30/2013,9/27/2013,N,11/19/2013,648.73,12085.08,,3460.08,6500,5,Strain,Lifting,5730.93
IN,05 - Temporary Total/Part,WC,WC,MD,211,O,Accepted,Ankle,5/2/2013,4/29/2013,N,,2919.81,38847.77,41418,3400,32840.22,5,Fracture,"Fall, Slip or Trip, NOC",32069.98
IN,09 - Permanent Partial (N,WC,WC,KY,796,O,Accepted,Finger(s),9/23/2011,9/19/2011,N,10/11/2011,556.54,21395.84,,3342.04,17046.25,7,Puncture,Needle Stick,16426.7
IN,05 - Temporary Total/Part,WC,WC,CT,40,O,Accepted,Wrist,10/16/2013,10/11/2013,N,11/14/2013,715.86,7300,,3300,3250,2,Strain,Cumulative (All Other),3083
IN,05 - Temporary Total/Part,WC,WC,AZ,96,O,Accepted,Low Back Area (Incl. Lumbar & Lumbo-Sacral),8/24/2013,8/24/2013,N,11/11/2013,443.91,20097.62,,3297.62,13850,3,Strain,Twisting,6299.18
IN,05 - Temporary Total/Part,WC,WC,NJ,151,O,Accepted,Wrist,1/25/2013,1/23/2013,N,1/24/2013,1,10720,,3200,6700,15,Sprain,Lifting,4097.44
IN,05 - Temporary Total/Part,WC,WC,TX,36,O,Accepted,Low Back Area (Incl. Lumbar & Lumbo-Sacral),10/24/2013,10/22/2013,N,,370.16,7931.97,,3109.32,3950,3,Strain,Lifting,1884.64
IN,05 - Temporary Total/Part,WC,WC,FL,30,O,Accepted,Knee,10/30/2013,10/29/2013,N,11/18/2013,382.38,8623.84,,3059.04,4500,2,Strain,"Strain or Injury By, NOC",1531.4
IN,05 - Temporary Total/Part,WC,WC,TX,152,O,Accepted,Shoulder(s),6/28/2013,6/22/2013,N,,155.98,11374.65,,2952,6500,6,Strain,Lifting,4222.44
IN,05 - Temporary Total/Part,WC,WC,CA,134,O,Accepted,Cervical,7/18/2013,7/16/2013,N,8/15/2013,0,14068.02,,2903.02,8425,3,"Contusion (Bruise, Skin Surface)",Collision with Another Vehicle,6399.24
IN,05 - Temporary Total/Part,WC,WC,CA,33,O,Accepted,Body Systems & Multiple Body Systems,10/25/2013,10/25/2013,N,11/6/2013,1,10170,,2880,6000,2,Tuberculosis,Other Injury NEC,698.85
IN,09 - Permanent Partial (N,WC,WC,NC,151,O,Accepted,Low Back Area (Incl. Lumbar & Lumbo-Sacral),7/1/2013,6/30/2013,N,10/24/2013,299.03,14766.81,,2819.19,10365.07,3,Strain,Pushing or Pulling,8735.15
IN,05 - Temporary Total/Part,WC,WC,CT,26,O,Accepted,Shoulder(s),11/3/2013,11/3/2013,N,,502.99,7635.28,,2785.28,4100,3,Strain,Pushing or Pulling,1355.97
IN,04 - Minor Permanent Part,WC,WC,CA,264,O,Accepted,Hip,3/10/2013,3/1/2013,N,3/2/2013,0,27440,,2760,20350,5,Strain,Trip,7344.05
IN,05 - Temporary Total/Part,WC,WC,CA,610,O,Accepted,Back (All Other),3/28/2012,3/22/2012,N,,273.21,50965.06,41277,2680.06,44495,7,Sprain,Fall On the Same Level,16204.2
IN,05 - Temporary Total/Part,WC,WC,WI,5,O,Accepted,"Face, Multiple Parts",11/22/2013,11/20/2013,N,,1,8634.52,,2667.52,4050,2,Laceration,Strike Agnst Building & Structures,0
IN,05 - Temporary Total/Part,WC,WC,CO,124,O,Accepted,Wrist(s) and Hand(s),7/26/2013,7/24/2013,N,11/12/2013,331.15,18879.24,,2649.24,13850,3,Sprain,Pushing or Pulling,4094.49
IN,05 - Temporary Total/Part,WC,WC,NC,39,O,Deferred,Cervical,10/21/2013,10/15/2013,N,,1,14065.22,,2550.12,4125,2,Strain,"Strain or Injury By, NOC",565.66
IN,05 - Temporary Total/Part,WC,WC,NV,157,O,Accepted,Upper Back Area (Thoracic Area),6/25/2013,6/20/2013,N,8/6/2013,580.89,5493.43,,2535.98,2346.66,4,Strain,Pushing or Pulling,5463.18
IN,05 - Temporary Total/Part,WC,WC,MA,100,O,Accepted,Elbow,8/20/2013,8/19/2013,N,9/24/2013,980.08,10045.21,,2520.21,5000,5,Fracture,Fall/Slip From Liquid or Grease Spills,4482.57
IN,05 - Temporary Total/Part,WC,WC,VA,302,O,Accepted,Hand,1/31/2013,1/30/2013,N,1/30/2013,1,15962.22,41321,2500,7922.12,8,Strain,"Strain or Injury By, NOC",6229.34
IN,03 - Scheduled Permanent,WC,WC,IN,44,O,Accepted,Ankle,10/16/2013,10/16/2013,N,,1,9080,,2450,4100,2,Strain,"Fall, Slip or Trip, NOC",836.4
IN,05 - Temporary Total/Part,WC,WC,OH,183,O,Accepted,"Chest (Incl. Ribs, Sternum & Soft Tissue)",5/30/2013,5/23/2013,N,10/24/2013,380.66,12031.92,,2403.72,7000,3,Strain,"Motor Vehicle, NOC",8486
IN,05 - Temporary Total/Part,WC,WC,PA,239,O,Accepted,Hand,4/4/2013,3/15/2013,N,6/27/2013,561.86,19240,,2320,13900,4,Carpal Tunnel Syndrome,Lifting,5134.48
IN,05 - Temporary Total/Part,WC,WC,OR,24,O,Deferred,Knee,11/5/2013,10/25/2013,N,,413,22204.24,,2204.24,15000,2,Strain,Twisting,1011.78
IN,05 - Temporary Total/Part,WC,WC,NH,12,O,Accepted,Low Back Area (Incl. Lumbar & Lumbo-Sacral),11/15/2013,11/13/2013,N,,844.03,6450,,2200,3500,2,Strain,"Strain or Injury By, NOC",1012.84
IN,05 - Temporary Total/Part,WC,WC,FL,214,O,Accepted,Back (All Other),4/29/2013,4/13/2013,N,5/11/2013,543.69,33150.98,,2093.64,17408.61,10,Strain,"Strain or Injury By, NOC",20886.59
IN,04 - Minor Permanent Part,WC,WC,CA,208,O,Accepted,Low Back Area (Incl. Lumbar & Lumbo-Sacral),10/1/2010,9/29/2010,N,10/1/2010,629.09,23596.3,,2070,12300,7,Strain,Pushing or Pulling,5087.34
IN,05 - Temporary Total/Part,WC,WC,MA,96,O,Accepted,Low Back Area (Incl. Lumbar & Lumbo-Sacral),8/23/2013,8/23/2013,N,10/4/2013,555.67,22378.27,,1952.77,14250,5,Strain,Pushing or Pulling,7399.14
IN,05 - Temporary Total/Part,WC,WC,CA,57,O,Accepted,Low Back Area (Incl. Lumbar & Lumbo-Sacral),10/3/2013,10/3/2013,N,10/8/2013,481.1,26304.38,,1924.38,22300,3,Strain,"Fall, Slip or Trip, NOC",2801.02
IN,05 - Temporary Total/Part,WC,WC,NV,127,O,Accepted,"Leg, Multiple",7/25/2013,7/23/2013,N,8/29/2013,550.27,9879.92,,1879.92,6000,3,Strain,Pushing or Pulling,4348.41
IN,05 - Temporary Total/Part,WC,WC,MA,239,O,Accepted,"Arm, Multiple",4/2/2013,3/30/2013,N,8/28/2013,482.48,16690.02,,1830.02,10000,5,Strain,Pushing or Pulling,7038.15
IN,05 - Temporary Total/Part,WC,WC,CA,17,O,Accepted,Thumb,11/12/2013,10/22/2013,N,10/24/2013,1398.03,13891.76,,1789.26,10375,3,Sprain,"Struck/Injured By Fellow Worker, Patient",1235.54
IN,05 - Temporary Total/Part,WC,WC,CA,278,O,Accepted,"Arm, Multiple",2/22/2013,2/13/2013,N,7/31/2013,432.36,13261.44,,1729.44,9000,4,"Contusion (Bruise, Skin Surface)",Strike Against Cart,4516.06
IN,05 - Temporary Total/Part,WC,WC,CA,2273,O,Accepted,Thumb,8/10/2007,11/29/2006,N,,1640,45556.67,,1680,41121.13,14,Sprain,Repetitive Motion (after 7/1/94),30001.56
IN,05 - Temporary Total/Part,WC,WC,NJ,54,O,Accepted,Knee,10/4/2013,10/4/2013,N,10/15/2013,1943.64,6772,,1652,4200,3,"Contusion (Bruise, Skin Surface)",Fall/Slip From Liquid or Grease Spills,2545.46
IN,09 - Permanent Partial (N,WC,WC,KY,58,O,Accepted,Low Back Area (Incl. Lumbar & Lumbo-Sacral),10/1/2013,9/30/2013,N,10/16/2013,1,6063.58,,1505.38,3950,3,Strain,Pushing or Pulling,2910.36
IN,05 - Temporary Total/Part,WC,WC,MD,110,O,Accepted,Low Back Area (Incl. Lumbar & Lumbo-Sacral),8/9/2013,8/9/2013,N,8/15/2013,1541.88,3117.55,,1485,1525,2,Strain,"Strain or Injury By, NOC",1305.7
IN,05 - Temporary Total/Part,WC,WC,GA,15,O,Accepted,Hand,11/14/2013,11/14/2013,N,11/15/2013,0,6807.55,,1400,2425,2,Electric Shock,Contact with Electrical Current,0
IN,05 - Temporary Total/Part,WC,WC,CA,31,O,Accepted,Lung(s),10/29/2013,10/29/2013,N,11/5/2013,675.47,10410.93,,1350.93,7800,3,Inhalation,"Absorption, Ingestion or Inhalation NOC",200.54
IN,04 - Unscheduled Permanen,WC,WC,IN,228,O,Accepted,Upper Back Area (Thoracic Area),4/15/2013,4/15/2013,N,4/15/2013,1,5360,41395,1260,3700,4,Strain,"Fall, Slip or Trip, NOC",3235.72
IN,05 - Temporary Total/Part,WC,WC,KY,19,O,Accepted,Shoulder(s),11/9/2013,11/9/2013,N,,232.3,11308.96,,1238.96,7450,3,Strain,Lifting,488.27
IN,09 - Permanent Partial (N,WC,WC,TN,71,O,Accepted,Low Back Area (Incl. Lumbar & Lumbo-Sacral),9/19/2013,9/19/2013,N,10/10/2013,1,6025,,1200,3700,4,Strain,Lifting,2954.19
IN,05 - Temporary Total/Part,WC,WC,WI,46,O,Accepted,Low Back Area (Incl. Lumbar & Lumbo-Sacral),10/14/2013,10/14/2013,N,,400,14133.72,,1066.72,7850,4,Strain,Lifting,3408.7
IN,05 - Temporary Total/Part,WC,WC,NC,68,O,Accepted,Low Back Area (Incl. Lumbar & Lumbo-Sacral),9/22/2013,9/21/2013,N,10/9/2013,261.12,14609.64,,1044.54,9575,2,Strain,Lifting,1494.61
IN,05 - Temporary Total/Part,WC,WC,MA,11,O,Accepted,Upper Back Area (Thoracic Area),11/14/2013,11/11/2013,N,,279.26,8050,,1000,5500,1,Strain,Lifting,371.27
IN,05 - Temporary Total/Part,WC,WC,TN,56,O,Accepted,Knee,10/2/2013,10/2/2013,N,11/14/2013,1,4420,,900,3000,8,Strain,Fall On the Same Level,511.49
IN,05 - Temporary Total/Part,WC,WC,TX,176,O,Accepted,Wrist,6/6/2013,5/26/2013,N,7/28/2013,500.44,11500.35,,825.35,9000,5,Sprain,"Caught In, Under or Between, NOC",8674.73
IN,05 - Temporary Total/Part,WC,WC,TX,80,O,Accepted,Finger(s),9/10/2013,9/10/2013,N,9/24/2013,1000,5660.65,,738,3400,4,Fracture,Struck/Injured By Falling or Flying Object,2447.68
IN,05 - Temporary Total/Part,WC,WC,OH,96,O,Accepted,Shoulder(s),8/24/2013,8/24/2013,N,9/11/2013,542.93,7915.59,,709.84,5050,4,"Contusion (Bruise, Skin Surface)",Fall On the Same Level,3468.4
IN,05 - Temporary Total/Part,WC,WC,CA,233,O,Accepted,"Arm, Multiple",4/10/2013,4/9/2013,N,4/30/2013,371.67,21158.94,,707.94,19275,5,Laceration,"Cut, Punctured, Scraped, NOC",5273.36
IN,05 - Temporary Total/Part,WC,WC,VT,12,O,Accepted,Knee,11/14/2013,11/6/2013,N,11/20/2013,145.95,3450,,700,2000,2,Infection,Struck/Injured By Object Being Lifted or Hand,37.59
IN,03 - Scheduled Permanent,WC,WC,GA,274,O,Accepted,Abdomen Including Groin,2/28/2013,2/22/2013,N,2/23/2013,750,16287.53,,500,15003.73,5,Hernia (Rupture),Pushing or Pulling,16287.53
IN,05 - Temporary Total/Part,WC,WC,MA,81,O,Accepted,Hand,8/25/2013,8/25/2013,N,9/4/2013,1,8625,,500,6250,3,Strain,Lifting,1555.5
IN,05 - Temporary Total/Part,WC,WC,UT,620,O,Accepted,Multiple Upper Extremities,3/19/2012,3/14/2012,N,,1356.08,10185.75,41033,498.16,6678.29,7,Strain,"Motor Vehicle, NOC",10170.85
IN,05 - Temporary Total/Part,WC,WC,CO,84,O,Accepted,Upper Back Area (Thoracic Area),8/29/2013,8/27/2013,N,9/4/2013,1,1729.46,,400,1239.9,5,Strain,Lifting,1329.46
IN,05 - Temporary Total/Part,WC,WC,MA,11,O,Accepted,Cervical,11/18/2013,11/16/2013,N,11/25/2013,532.3,8950,,350,7000,1,Strain,"Fall, Slip or Trip, NOC",136.88
IN,05 - Temporary Total/Part,WC,WC,MA,127,O,Accepted,Low Back Area (Incl. Lumbar & Lumbo-Sacral),7/24/2013,7/23/2013,N,8/5/2013,653.25,8886.29,,336.29,7000,4,Strain,Lifting,2848.45
IN,05 - Temporary Total/Part,WC,WC,CA,94,O,Accepted,Vertebrae,8/27/2013,8/26/2013,N,,1,12162.45,,172.45,9150,4,Strain,Twisting,1808.43
IN,05 - Temporary Total/Part,WC,WC,PA,319,O,Accepted,Foot,1/14/2013,1/13/2013,N,1/22/2013,1100,3910.08,,131,3210.43,5,Sprain,"Fall, Slip or Trip, NOC",3410.08
IN,05 - Temporary Total/Part,WC,WC,ME,178,O,Accepted,Hip,6/4/2013,6/1/2013,N,6/5/2013,1,3832.11,,34.27,3037.84,4,Strain,Fall On the Same Level,1527.49
